Date,Children apprehended and placed in CBP custody,Children in CBP custody,Children transferred out of CBP custody,Children in HHS Care,Children discharged from HHS Care
2023-01-01,265,334,231,4057,174
2023-01-02,255,341,248,4089,216
2023-01-03,268,360,249,4180,158
2023-01-04,281,370,271,4244,207
2023-01-05,255,373,252,4305,191
2023-01-06,255,386,242,4356,191
2023-01-07,283,452,217,4328,245
2023-01-08,271,497,226,4339,215
2023-01-09,252,502,247,4366,220
2023-01-10,268,537,233,4382,217
2023-01-11,253,512,278,4450,210
2023-01-12,253,531,234,4454,230
2023-01-13,264,543,252,4473,233
2023-01-14,231,532,242,4524,191
2023-01-15,234,504,262,4595,191
2023-01-16,252,520,236,4633,198
2023-01-17,245,537,228,4643,218
2023-01-18,265,566,236,4659,220
2023-01-19,247,551,262,4701,220
2023-01-20,240,566,225,4696,230
2023-01-21,283,596,253,4759,190
2023-01-22,258,613,241,4775,225
2023-01-23,262,651,224,4761,238
2023-01-24,240,665,226,4772,215
2023-01-25,253,692,226,4785,213
2023-01-26,263,747,208,4806,187
2023-01-27,244,730,261,4869,198
2023-01-28,267,787,210,4904,175
2023-01-29,252,822,217,4931,190
2023-01-30,257,817,262,4961,232
2023-01-31,252,853,216,4922,255
2023-02-01,289,893,249,4963,208
2023-02-02,261,974,180,4887,256
2023-02-03,245,1017,202,4904,185
2023-02-04,273,1040,250,4895,259
2023-02-05,242,1025,257,4927,225
2023-02-06,263,1047,241,4938,230
2023-02-07,231,1033,245,4963,220
2023-02-08,240,1041,232,4981,214
2023-02-09,263,1090,214,4985,210
2023-02-10,271,1165,196,4967,214
2023-02-11,262,1217,210,4981,196
2023-02-12,258,1242,233,4973,241
2023-02-13,255,1249,248,5034,187
2023-02-14,237,1276,210,5011,233
2023-02-15,248,1314,210,5009,212
2023-02-16,252,1325,241,5051,199
2023-02-17,274,1367,232,5091,192
2023-02-18,263,1413,217,5086,222
2023-02-19,231,1446,198,5060,224
2023-02-20,262,1479,229,5062,227
2023-02-21,251,1496,234,5055,241
2023-02-22,247,1511,232,5078,209
2023-02-23,266,1545,232,5083,227
2023-02-24,272,1587,230,5095,218
2023-02-25,270,1642,215,5105,205
2023-02-26,243,1684,201,5057,249
2023-02-27,251,1730,205,5057,205
2023-02-28,260,1775,215,5038,234
2023-03-01,269,1820,224,5022,240
2023-03-02,247,1851,216,5015,223
2023-03-03,251,1889,213,4972,256
2023-03-04,237,1920,206,4955,223
2023-03-05,235,1913,242,4972,225
2023-03-06,265,1952,226,4982,216
2023-03-07,272,1994,230,4997,215
2023-03-08,250,1995,249,4988,258
2023-03-09,266,2043,218,5012,194
2023-03-10,256,2071,228,4975,265
2023-03-11,241,2099,213,4940,248
2023-03-12,255,2091,263,4995,208
2023-03-13,272,2122,241,4988,248
2023-03-14,248,2148,222,4995,215
2023-03-15,272,2202,218,5013,200
2023-03-16,208,2193,217,5033,197
2023-03-17,260,2223,230,5058,205
2023-03-18,248,2237,234,5101,191
2023-03-19,242,2243,236,5103,234
2023-03-20,247,2300,190,5067,226
2023-03-21,215,2261,254,5124,197
2023-03-22,241,2239,263,5160,227
2023-03-23,249,2273,215,5157,218
2023-03-24,266,2298,241,5178,220
2023-03-25,235,2293,240,5215,203
2023-03-26,230,2290,233,5254,194
2023-03-27,234,2297,227,5278,203
2023-03-28,255,2337,215,5251,242
2023-03-29,246,2332,251,5272,230
2023-03-30,232,2356,208,5266,214
2023-03-31,247,2349,254,5298,222
2023-04-01,240,2313,276,5348,226
2023-04-02,253,2333,233,5367,214
2023-04-03,228,2329,232,5383,216
2023-04-04,235,2320,244,5391,236
2023-04-05,235,2341,214,5410,195
2023-04-06,221,2369,193,5375,228
2023-04-07,250,2412,207,5403,179
2023-04-08,252,2427,237,5378,262
2023-04-09,251,2449,229,5375,232
2023-04-10,251,2469,231,5392,214
2023-04-11,237,2458,248,5430,210
2023-04-12,256,2479,235,5444,221
2023-04-13,260,2523,216,5428,232
2023-04-14,257,2554,226,5454,200
2023-04-15,270,2584,240,5497,197
2023-04-16,282,2636,230,5515,212
2023-04-17,307,2692,251,5545,221
2023-04-18,283,2746,229,5548,226
2023-04-19,286,2775,257,5584,221
2023-04-20,283,2828,230,5627,187
2023-04-21,256,2876,208,5630,205
2023-04-22,285,2944,217,5640,207
2023-04-23,286,2999,231,5651,220
2023-04-24,321,3092,228,5660,219
2023-04-25,279,3140,231,5716,175
2023-04-26,285,3214,211,5719,208
2023-04-27,277,3286,205,5702,222
2023-04-28,257,3283,260,5729,233
2023-04-29,288,3346,225,5716,238
2023-04-30,278,3392,232,5742,206
2023-05-01,274,3449,217,5752,207
2023-05-02,244,3471,222,5758,216
2023-05-03,273,3511,233,5777,214
2023-05-04,226,3499,238,5779,236
2023-05-05,251,3502,248,5839,188
2023-05-06,271,3595,178,5785,232
2023-05-07,218,3611,202,5775,212
2023-05-08,220,3625,206,5797,184
2023-05-09,226,3611,240,5806,231
2023-05-10,213,3606,218,5853,171
2023-05-11,194,3581,219,5847,225
2023-05-12,216,3597,200,5826,221
2023-05-13,197,3565,229,5826,229
2023-05-14,218,3551,232,5857,201
2023-05-15,197,3495,253,5895,215
2023-05-16,233,3499,229,5923,201
2023-05-17,197,3475,221,5942,202
2023-05-18,204,3453,226,5919,249
2023-05-19,220,3471,202,5932,189
2023-05-20,189,3401,259,5977,214
2023-05-21,210,3395,216,5957,236
2023-05-22,226,3404,217,5924,250
2023-05-23,181,3342,243,5958,209
2023-05-24,208,3277,273,6025,206
2023-05-25,208,3241,244,6046,223
2023-05-26,215,3200,256,6057,245
2023-05-27,185,3155,230,6084,203
2023-05-28,183,3099,239,6118,205
2023-05-29,210,3039,270,6169,219
2023-05-30,206,3023,222,6171,220
2023-05-31,205,3025,203,6175,199
2023-06-01,206,2977,254,6224,205
2023-06-02,190,2958,209,6207,226
2023-06-03,203,2908,253,6231,229
2023-06-04,203,2862,249,6278,202
2023-06-05,188,2849,201,6236,243
2023-06-06,226,2852,223,6248,211
2023-06-07,204,2800,256,6278,226
2023-06-08,179,2740,239,6262,255
2023-06-09,206,2729,217,6247,232
2023-06-10,181,2679,231,6258,220
2023-06-11,207,2626,260,6294,224
2023-06-12,212,2598,240,6300,234
2023-06-13,182,2558,222,6322,200
2023-06-14,209,2558,209,6352,179
2023-06-15,200,2487,271,6428,195
2023-06-16,206,2468,225,6443,210
2023-06-17,221,2453,236,6450,229
2023-06-18,189,2395,247,6493,204
2023-06-19,181,2350,226,6500,219
2023-06-20,178,2303,225,6482,243
2023-06-21,179,2243,239,6494,227
2023-06-22,190,2190,243,6502,235
2023-06-23,196,2153,233,6545,190
2023-06-24,194,2110,237,6580,202
2023-06-25,202,2093,219,6575,224
2023-06-26,190,2029,254,6615,214
2023-06-27,211,2004,236,6607,244
2023-06-28,185,1955,234,6581,260
2023-06-29,229,1943,241,6641,181
2023-06-30,198,1896,245,6667,219
2023-07-01,175,1816,255,6697,225
2023-07-02,172,1761,227,6734,190
2023-07-03,195,1731,225,6762,197
2023-07-04,184,1697,218,6757,223
2023-07-05,198,1632,263,6801,219
2023-07-06,194,1620,206,6787,220
2023-07-07,186,1553,253,6839,201
2023-07-08,174,1500,227,6854,212
2023-07-09,164,1450,214,6845,223
2023-07-10,179,1402,227,6853,219
2023-07-11,199,1389,212,6862,203
2023-07-12,189,1334,244,6902,204
2023-07-13,167,1237,264,6963,203
2023-07-14,188,1191,234,6970,227
2023-07-15,191,1181,201,6992,179
2023-07-16,172,1154,199,6958,233
2023-07-17,188,1124,218,6920,256
2023-07-18,186,1092,218,6925,213
2023-07-19,168,1000,260,6939,246
2023-07-20,190,919,271,6979,231
2023-07-21,193,862,250,7009,220
2023-07-22,201,818,245,7055,199
2023-07-23,201,806,213,7059,209
2023-07-24,164,744,226,7084,201
2023-07-25,171,672,243,7101,226
2023-07-26,193,634,231,7097,235
2023-07-27,193,620,207,7099,205
2023-07-28,193,598,215,7139,175
2023-07-29,243,613,228,7161,206
2023-07-30,194,547,260,7202,219
2023-07-31,202,540,209,7170,241
2023-08-01,200,486,254,7206,218
2023-08-02,195,456,225,7241,190
2023-08-03,181,415,222,7236,227
2023-08-04,197,345,267,7268,235
2023-08-05,174,299,220,7301,187
2023-08-06,182,249,232,7358,175
2023-08-07,179,192,236,7390,204
2023-08-08,187,159,220,7432,178
2023-08-09,221,140,240,7475,197
2023-08-10,158,92,206,7526,155
2023-08-11,197,60,229,7517,238
2023-08-12,163,0,223,7542,198
2023-08-13,180,0,180,7508,214
2023-08-14,204,0,204,7501,211
2023-08-15,188,0,188,7461,228
2023-08-16,172,0,172,7431,202
2023-08-17,177,0,177,7418,190
2023-08-18,198,0,198,7404,212
2023-08-19,178,0,178,7391,191
2023-08-20,192,0,192,7383,200
2023-08-21,190,0,190,7382,191
2023-08-22,180,0,180,7342,220
2023-08-23,222,0,222,7365,199
2023-08-24,199,0,199,7350,214
2023-08-25,160,0,160,7315,195
2023-08-26,193,0,193,7327,181
2023-08-27,181,0,181,7329,179
2023-08-28,204,0,204,7330,203
2023-08-29,180,0,180,7285,225
2023-08-30,190,0,190,7286,189
2023-08-31,200,0,200,7262,224
2023-09-01,206,0,206,7264,204
2023-09-02,175,0,175,7223,216
2023-09-03,189,0,189,7216,196
2023-09-04,187,0,187,7199,204
2023-09-05,185,0,185,7234,150
2023-09-06,222,0,222,7237,219
2023-09-07,202,20,182,7235,184
2023-09-08,177,0,197,7193,239
2023-09-09,210,0,210,7214,189
2023-09-10,229,3,226,7213,227
2023-09-11,213,0,216,7241,188
2023-09-12,175,0,175,7231,185
2023-09-13,191,0,191,7191,231
2023-09-14,218,0,218,7212,197
2023-09-15,189,0,189,7227,174
2023-09-16,207,0,207,7234,200
2023-09-17,212,0,212,7187,259
2023-09-18,187,0,187,7186,188
2023-09-19,201,0,201,7165,222
2023-09-20,153,0,153,7143,175
2023-09-21,187,0,187,7141,189
2023-09-22,199,0,199,7120,220
2023-09-23,185,0,185,7081,224
2023-09-24,229,0,229,7094,216
2023-09-25,183,0,183,7091,186
2023-09-26,199,0,199,7071,219
2023-09-27,208,0,208,7086,193
2023-09-28,228,18,210,7088,208
2023-09-29,186,0,204,7111,181
2023-09-30,225,0,225,7110,226
2023-10-01,209,0,209,7110,209
2023-10-02,194,0,194,7096,208
2023-10-03,217,0,217,7095,218
2023-10-04,213,0,213,7061,247
2023-10-05,202,0,202,7057,206
2023-10-06,213,0,213,7076,194
2023-10-07,206,0,206,7087,195
2023-10-08,215,0,215,7078,224
2023-10-09,223,14,209,7067,220
2023-10-10,238,0,252,7121,198
2023-10-11,196,9,187,7119,189
2023-10-12,247,1,255,7175,199
2023-10-13,187,0,188,7172,191
2023-10-14,214,0,214,7176,210
2023-10-15,226,1,225,7208,193
2023-10-16,222,1,222,7247,183
2023-10-17,209,0,210,7263,194
2023-10-18,216,0,216,7252,227
2023-10-19,212,0,212,7272,192
2023-10-20,212,0,212,7285,199
2023-10-21,234,23,211,7291,205
2023-10-22,227,44,206,7276,221
2023-10-23,212,36,220,7293,203
2023-10-24,237,38,235,7333,195
2023-10-25,228,25,241,7383,191
2023-10-26,237,15,247,7455,175
2023-10-27,235,18,232,7453,234
2023-10-28,213,22,209,7475,187
2023-10-29,218,0,240,7512,203
2023-10-30,238,1,237,7541,208
2023-10-31,237,0,238,7560,219
2023-11-01,228,0,228,7593,195
2023-11-02,231,0,231,7590,234
2023-11-03,249,22,227,7635,182
2023-11-04,221,0,243,7681,197
2023-11-05,239,53,186,7652,215
2023-11-06,228,62,219,7673,198
2023-11-07,229,55,236,7706,203
2023-11-08,249,60,244,7758,192
2023-11-09,246,66,240,7803,195
2023-11-10,246,68,244,7836,211
2023-11-11,254,111,211,7828,219
2023-11-12,236,128,219,7833,214
2023-11-13,246,137,237,7837,233
2023-11-14,232,144,225,7868,194
2023-11-15,242,157,229,7903,194
2023-11-16,236,148,245,7977,171
2023-11-17,240,180,208,8004,181
2023-11-18,248,179,249,8022,231
2023-11-19,227,179,227,8052,197
2023-11-20,271,219,231,8062,221
2023-11-21,225,233,211,8069,204
2023-11-22,223,207,249,8109,209
2023-11-23,259,233,233,8124,218
2023-11-24,254,312,175,8086,213
2023-11-25,252,348,216,8134,168
2023-11-26,253,361,240,8149,225
2023-11-27,244,378,227,8158,218
2023-11-28,231,347,262,8196,224
2023-11-29,246,331,262,8244,214
2023-11-30,235,335,231,8303,172
2023-12-01,261,371,225,8342,186
2023-12-02,244,342,273,8417,198
2023-12-03,235,345,232,8438,211
2023-12-04,243,358,230,8436,232
2023-12-05,254,395,217,8448,205
2023-12-06,240,420,215,8485,178
2023-12-07,236,439,217,8501,201
2023-12-08,253,471,221,8533,189
2023-12-09,253,523,201,8534,200
2023-12-10,243,567,199,8518,215
2023-12-11,243,579,231,8573,176
2023-12-12,254,610,223,8608,188
2023-12-13,230,604,236,8618,226
2023-12-14,231,643,192,8606,204
2023-12-15,241,658,226,8618,214
2023-12-16,249,673,234,8663,189
2023-12-17,258,708,223,8698,188
2023-12-18,275,732,251,8746,203
2023-12-19,266,730,268,8812,202
2023-12-20,252,767,215,8851,176
2023-12-21,254,828,193,8870,174
2023-12-22,240,833,235,8893,212
2023-12-23,255,890,198,8872,219
2023-12-24,251,921,220,8886,206
2023-12-25,260,919,262,8928,220
2023-12-26,243,938,224,8965,187
2023-12-27,264,1016,186,8960,191
2023-12-28,279,1070,225,8999,186
2023-12-29,255,1098,227,9021,205
2023-12-30,263,1136,225,9054,192
2023-12-31,267,1170,233,9075,212
2024-01-01,251,1213,208,9053,230
2024-01-02,261,1246,228,9076,205
2024-01-03,258,1260,244,9111,209
2024-01-04,259,1270,249,9150,210
2024-01-05,246,1299,217,9156,211
2024-01-06,258,1350,207,9156,207
2024-01-07,266,1387,229,9184,201
2024-01-08,280,1440,227,9240,171
2024-01-09,273,1494,219,9252,207
2024-01-10,291,1552,233,9298,187
2024-01-11,247,1544,255,9363,190
2024-01-12,272,1567,249,9398,214
2024-01-13,262,1612,217,9377,238
2024-01-14,292,1698,206,9360,223
2024-01-15,247,1695,250,9416,194
2024-01-16,246,1684,257,9471,202
2024-01-17,250,1699,235,9495,211
2024-01-18,227,1699,227,9501,221
2024-01-19,251,1705,245,9571,175
2024-01-20,248,1697,256,9650,177
2024-01-21,261,1708,250,9673,227
2024-01-22,264,1764,208,9681,200
2024-01-23,287,1844,207,9684,204
2024-01-24,273,1894,223,9685,222
2024-01-25,250,1888,256,9708,233
2024-01-26,245,1915,218,9722,204
2024-01-27,266,1985,196,9724,194
2024-01-28,239,1975,249,9736,237
2024-01-29,286,2056,205,9743,198
2024-01-30,276,2103,229,9758,214
2024-01-31,251,2141,213,9755,216
2024-02-01,232,2153,220,9766,209
2024-02-02,279,2192,240,9797,209
2024-02-03,258,2229,221,9811,207
2024-02-04,279,2280,228,9837,202
2024-02-05,239,2295,224,9824,237
2024-02-06,257,2311,241,9862,203
2024-02-07,269,2337,243,9903,202
2024-02-08,273,2357,253,9942,214
2024-02-09,270,2400,227,9954,215
2024-02-10,290,2492,198,9966,186
2024-02-11,270,2556,206,9963,209
2024-02-12,288,2580,264,9981,246
2024-02-13,297,2635,242,10009,214
2024-02-14,308,2750,193,10008,194
2024-02-15,316,2852,214,10030,192
2024-02-16,293,2919,226,10062,194
2024-02-17,291,3020,190,10036,216
2024-02-18,338,3150,208,10038,206
2024-02-19,327,3206,271,10124,185
2024-02-20,314,3341,179,10107,196
2024-02-21,351,3440,252,10123,236
2024-02-22,331,3566,205,10118,210
2024-02-23,349,3695,220,10139,199
2024-02-24,332,3745,282,10248,173
2024-02-25,362,3872,235,10274,209
2024-02-26,357,3978,251,10322,203
2024-02-27,325,4067,236,10364,194
2024-02-28,342,4174,235,10404,195
2024-02-29,334,4266,242,10451,195
2024-03-01,341,4370,237,10486,202
2024-03-02,303,4421,252,10536,202
2024-03-03,323,4550,194,10503,227
2024-03-04,324,4663,211,10521,193
2024-03-05,276,4721,218,10509,230
2024-03-06,279,4813,187,10433,263
2024-03-07,261,4823,251,10473,211
2024-03-08,282,4877,228,10488,213
2024-03-09,291,4928,240,10507,221
2024-03-10,297,4984,241,10536,212
2024-03-11,270,5028,226,10554,208
2024-03-12,288,5090,226,10548,232
2024-03-13,238,5087,241,10629,160
2024-03-14,229,5073,243,10655,217
2024-03-15,249,5093,229,10677,207
2024-03-16,253,5094,252,10697,232
2024-03-17,243,5123,214,10689,222
2024-03-18,211,5124,210,10708,191
2024-03-19,239,5146,217,10694,231
2024-03-20,219,5116,249,10718,225
2024-03-21,248,5120,244,10737,225
2024-03-22,243,5146,217,10730,224
2024-03-23,223,5123,246,10746,230
2024-03-24,229,5099,253,10770,229
2024-03-25,220,5082,237,10771,236
2024-03-26,234,5087,229,10799,201
2024-03-27,249,5110,226,10822,203
2024-03-28,219,5113,216,10824,214
2024-03-29,241,5140,214,10827,211
2024-03-30,225,5173,192,10798,221
2024-03-31,220,5163,230,10826,202
2024-04-01,230,5150,243,10835,234
2024-04-02,215,5168,197,10828,204
2024-04-03,222,5176,214,10842,200
2024-04-04,211,5141,246,10874,214
2024-04-05,258,5175,224,10916,182
2024-04-06,228,5161,242,10963,195
2024-04-07,217,5147,231,10971,223
2024-04-08,230,5120,257,11034,194
2024-04-09,224,5175,169,10982,221
2024-04-10,222,5131,266,11008,240
2024-04-11,234,5131,234,11033,209
2024-04-12,235,5120,246,11078,201
2024-04-13,215,5096,239,11090,227
2024-04-14,214,5059,251,11073,268
2024-04-15,218,5040,237,11101,209
2024-04-16,186,4997,229,11143,187
2024-04-17,197,4978,216,11148,211
2024-04-18,240,4999,219,11146,221
2024-04-19,243,5029,213,11120,239
2024-04-20,214,5013,230,11131,219
2024-04-21,226,5016,223,11132,222
2024-04-22,221,4991,246,11175,203
2024-04-23,262,5037,216,11178,213
2024-04-24,232,5066,203,11177,204
2024-04-25,213,5059,220,11162,235
2024-04-26,199,5023,235,11174,223
2024-04-27,189,4965,247,11204,217
2024-04-28,215,4943,237,11224,217
2024-04-29,200,4908,235,11250,209
2024-04-30,190,4917,181,11214,217
2024-05-01,201,4860,258,11236,236
2024-05-02,193,4804,249,11243,242
2024-05-03,234,4807,231,11251,223
2024-05-04,221,4811,217,11254,214
2024-05-05,207,4776,242,11255,241
2024-05-06,229,4778,227,11271,211
2024-05-07,207,4755,230,11271,230
2024-05-08,192,4746,201,11294,178
2024-05-09,228,4756,218,11315,197
2024-05-10,212,4749,219,11317,217
2024-05-11,188,4717,220,11291,246
2024-05-12,200,4681,236,11302,225
2024-05-13,189,4628,242,11345,199
2024-05-14,181,4559,250,11377,218
2024-05-15,215,4531,243,11420,200
2024-05-16,229,4562,198,11384,234
2024-05-17,178,4503,237,11418,203
2024-05-18,207,4498,212,11390,240
2024-05-19,188,4480,206,11347,249
2024-05-20,190,4459,211,11327,231
2024-05-21,188,4424,223,11320,230
2024-05-22,183,4388,219,11322,217
2024-05-23,196,4354,230,11351,201
2024-05-24,183,4293,244,11385,210
2024-05-25,198,4266,225,11409,201
2024-05-26,193,4281,178,11371,216
2024-05-27,190,4193,278,11416,233
2024-05-28,179,4143,229,11430,215
2024-05-29,183,4096,230,11431,229
2024-05-30,203,4093,206,11398,239
2024-05-31,198,4047,244,11410,232
2024-06-01,176,3985,238,11429,219
2024-06-02,191,3933,243,11442,230
2024-06-03,201,3912,222,11455,209
2024-06-04,164,3844,232,11440,247
2024-06-05,196,3835,205,11452,193
2024-06-06,178,3780,233,11465,220
2024-06-07,196,3743,233,11475,223
2024-06-08,175,3693,225,11454,246
2024-06-09,159,3655,197,11447,204
2024-06-10,161,3589,227,11485,189
2024-06-11,186,3549,226,11462,249
2024-06-12,189,3508,230,11469,223
2024-06-13,171,3475,204,11466,207
2024-06-14,193,3446,222,11475,213
2024-06-15,159,3350,255,11502,228
2024-06-16,182,3325,207,11486,223
2024-06-17,164,3250,239,11486,239
2024-06-18,172,3161,261,11547,200
2024-06-19,183,3131,213,11565,195
2024-06-20,169,3075,225,11564,226
2024-06-21,175,3001,249,11597,216
2024-06-22,196,2974,223,11599,221
2024-06-23,172,2933,213,11557,255
2024-06-24,193,2929,197,11533,221
2024-06-25,163,2822,270,11585,218
2024-06-26,187,2783,226,11600,211
2024-06-27,201,2758,226,11584,242
2024-06-28,142,2715,185,11524,245
2024-06-29,167,2681,201,11513,212
2024-06-30,187,2647,221,11506,228
2024-07-01,175,2624,198,11479,225
2024-07-02,183,2537,270,11557,192
2024-07-03,168,2472,233,11585,205
2024-07-04,179,2413,238,11606,217
2024-07-05,175,2371,217,11598,225
2024-07-06,194,2299,266,11651,213
2024-07-07,180,2235,244,11702,193
2024-07-08,181,2206,210,11687,225
2024-07-09,170,2117,259,11724,222
2024-07-10,169,2063,223,11731,216
2024-07-11,169,2028,204,11708,227
2024-07-12,182,1963,247,11748,207
2024-07-13,169,1912,220,11748,220
2024-07-14,180,1871,221,11755,214
2024-07-15,207,1807,271,11815,211
2024-07-16,188,1773,222,11834,203
2024-07-17,170,1699,244,11866,212
2024-07-18,193,1675,217,11844,239
2024-07-19,169,1586,258,11898,204
2024-07-20,145,1539,192,11857,233
2024-07-21,160,1483,216,11844,229
2024-07-22,147,1440,190,11804,230
2024-07-23,170,1405,205,11782,227
2024-07-24,175,1350,230,11815,197
2024-07-25,200,1329,221,11810,226
2024-07-26,180,1277,232,11818,224
2024-07-27,172,1180,269,11902,185
2024-07-28,188,1106,262,11949,215
2024-07-29,142,1036,212,11972,189
2024-07-30,179,989,226,11968,230
2024-07-31,187,949,227,11955,240
2024-08-01,153,902,200,11942,213
2024-08-02,193,891,204,11927,219
2024-08-03,181,825,247,11969,205
2024-08-04,170,818,177,11930,216
2024-08-05,186,766,238,11948,220
2024-08-06,210,722,254,12009,193
2024-08-07,179,658,243,12019,233
2024-08-08,180,644,194,11995,218
2024-08-09,170,595,219,12004,210
2024-08-10,164,523,236,12037,203
2024-08-11,190,497,216,12041,212
2024-08-12,165,454,208,12057,192
2024-08-13,179,390,243,12110,190
2024-08-14,171,318,243,12134,219
2024-08-15,186,309,195,12130,199
2024-08-16,184,240,253,12190,193
2024-08-17,194,214,220,12191,219
2024-08-18,172,141,245,12230,206
2024-08-19,175,98,218,12212,236
2024-08-20,165,0,263,12247,228
2024-08-21,174,0,174,12226,195
2024-08-22,186,0,186,12193,219
2024-08-23,192,0,192,12150,235
2024-08-24,167,0,167,12135,182
2024-08-25,195,0,195,12139,191
2024-08-26,202,0,202,12127,214
2024-08-27,189,0,189,12051,265
2024-08-28,211,0,211,12057,205
2024-08-29,172,0,172,12004,225
2024-08-30,165,0,165,11928,241
2024-08-31,157,0,157,11868,217
2024-09-01,207,0,207,11859,216
2024-09-02,195,0,195,11857,197
2024-09-03,185,0,185,11854,188
2024-09-04,190,0,190,11822,222
2024-09-05,170,0,170,11754,238
2024-09-06,224,0,224,11759,219
2024-09-07,189,0,189,11748,200
2024-09-08,190,0,190,11716,222
2024-09-09,199,0,199,11709,206
2024-09-10,196,0,196,11705,200
2024-09-11,193,0,193,11681,217
2024-09-12,178,0,178,11652,207
2024-09-13,198,0,198,11656,194
2024-09-14,219,0,219,11661,214
2024-09-15,212,0,212,11677,196
2024-09-16,216,30,186,11637,226
2024-09-17,185,0,215,11662,190
2024-09-18,179,0,179,11643,198
2024-09-19,192,0,192,11619,216
2024-09-20,196,0,196,11634,181
2024-09-21,212,0,212,11636,210
2024-09-22,171,0,171,11599,208
2024-09-23,220,26,194,11581,212
2024-09-24,195,12,209,11610,180
2024-09-25,192,5,199,11584,225
2024-09-26,183,0,188,11540,232
2024-09-27,174,0,174,11540,174
2024-09-28,212,5,207,11521,226
2024-09-29,202,0,207,11534,194
2024-09-30,182,0,182,11503,213
2024-10-01,182,0,182,11455,230
2024-10-02,197,0,197,11472,180
2024-10-03,228,7,221,11485,208
2024-10-04,200,0,207,11506,186
2024-10-05,182,0,182,11486,202
2024-10-06,202,0,202,11499,189
2024-10-07,202,0,202,11515,186
2024-10-08,166,0,166,11459,222
2024-10-09,207,14,193,11466,186
2024-10-10,205,19,200,11475,191
2024-10-11,219,10,228,11527,176
2024-10-12,237,36,211,11554,184
2024-10-13,227,29,234,11584,204
2024-10-14,207,21,215,11594,205
2024-10-15,195,0,216,11613,197
2024-10-16,251,0,251,11638,226
2024-10-17,214,10,204,11625,217
2024-10-18,214,0,224,11668,181
2024-10-19,214,0,214,11653,229
2024-10-20,218,11,207,11675,185
2024-10-21,214,0,225,11694,206
2024-10-22,208,0,208,11694,208
2024-10-23,209,0,209,11726,177
2024-10-24,218,0,218,11722,222
2024-10-25,211,0,211,11733,200
2024-10-26,209,10,199,11722,210
2024-10-27,222,0,232,11754,200
2024-10-28,217,0,217,11776,195
2024-10-29,244,3,241,11835,182
2024-10-30,183,0,186,11823,198
2024-10-31,240,6,234,11863,194
2024-11-01,243,22,227,11875,215
2024-11-02,193,0,215,11918,172
2024-11-03,220,0,220,11913,225
2024-11-04,220,16,204,11904,213
2024-11-05,206,3,219,11918,205
2024-11-06,216,0,219,11941,196
2024-11-07,211,0,211,11964,188
2024-11-08,255,44,211,11990,185
2024-11-09,244,60,228,12031,187
2024-11-10,249,66,243,12047,227
2024-11-11,242,90,218,12061,204
2024-11-12,215,66,239,12092,208
2024-11-13,224,59,231,12110,213
2024-11-14,240,60,239,12171,178
2024-11-15,215,28,247,12202,216
2024-11-16,245,59,214,12216,200
2024-11-17,231,47,243,12263,196
2024-11-18,230,26,251,12272,242
2024-11-19,247,59,214,12311,175
2024-11-20,244,67,236,12334,213
2024-11-21,232,74,225,12333,226
2024-11-22,256,127,203,12324,212
2024-11-23,223,133,217,12310,231
2024-11-24,249,113,269,12393,186
2024-11-25,249,143,219,12397,215
2024-11-26,236,157,222,12420,199
2024-11-27,246,173,230,12485,165
2024-11-28,223,167,229,12527,187
2024-11-29,256,203,220,12522,225
2024-11-30,240,239,204,12512,214
2024-12-01,236,251,224,12542,194
2024-12-02,260,266,245,12581,206
2024-12-03,234,259,241,12605,217
2024-12-04,224,260,223,12640,188
2024-12-05,223,275,208,12663,185
2024-12-06,256,243,288,12729,222
2024-12-07,228,269,202,12755,176
2024-12-08,274,304,239,12785,209
2024-12-09,217,281,240,12830,195
2024-12-10,274,328,227,12851,206
2024-12-11,252,349,231,12922,160
2024-12-12,248,372,225,12963,184
2024-12-13,242,381,233,12943,253
2024-12-14,257,401,237,12986,194
2024-12-15,250,403,248,13026,208
2024-12-16,268,433,238,13053,211
2024-12-17,254,416,271,13145,179
2024-12-18,255,432,239,13201,183
2024-12-19,247,438,241,13259,183
2024-12-20,252,469,221,13285,195
2024-12-21,258,478,249,13317,217
2024-12-22,228,501,205,13321,201
2024-12-23,234,520,215,13359,177
2024-12-24,266,561,225,13389,195
2024-12-25,258,541,278,13459,208
2024-12-26,253,592,202,13471,190
2024-12-27,256,598,250,13483,238
2024-12-28,261,661,198,13514,167
2024-12-29,248,642,267,13574,207
2024-12-30,245,675,212,13576,210
2024-12-31,260,758,177,13552,201
2025-01-01,243,765,236,13571,217
2025-01-02,264,820,209,13578,202
2025-01-03,232,841,211,13584,205
2025-01-04,274,903,212,13602,194
2025-01-05,266,959,210,13599,213
2025-01-06,263,975,247,13649,197
2025-01-07,274,1019,230,13704,175
2025-01-08,284,1079,224,13728,200
2025-01-09,275,1072,282,13829,181
2025-01-10,232,1045,259,13869,219
2025-01-11,241,1051,235,13871,233
2025-01-12,251,1065,237,13899,209
2025-01-13,260,1097,228,13903,224
2025-01-14,268,1114,251,13963,191
2025-01-15,249,1160,203,13968,198
2025-01-16,263,1210,213,13980,201
2025-01-17,249,1205,254,14040,194
2025-01-18,252,1228,229,14066,203
2025-01-19,240,1222,246,14150,162
2025-01-20,247,1252,217,14161,206
2025-01-21,241,1239,254,14221,194
2025-01-22,246,1293,192,14199,214
2025-01-23,277,1353,217,14235,181
2025-01-24,247,1383,217,14252,200
2025-01-25,301,1467,217,14306,163
2025-01-26,268,1488,247,14327,226
2025-01-27,264,1509,243,14387,183
2025-01-28,248,1532,225,14409,203
2025-01-29,271,1562,241,14434,216
2025-01-30,252,1599,215,14444,205
2025-01-31,263,1623,239,14453,230
2025-02-01,299,1678,244,14479,218
2025-02-02,259,1706,231,14481,229
2025-02-03,278,1746,238,14530,189
2025-02-04,250,1738,258,14571,217
2025-02-05,260,1777,221,14596,196
2025-02-06,287,1829,235,14618,213
2025-02-07,251,1847,233,14641,210
2025-02-08,287,1871,263,14680,224
2025-02-09,270,1908,233,14691,222
2025-02-10,251,1950,209,14688,212
2025-02-11,269,1953,266,14753,201
2025-02-12,274,2014,213,14772,194
2025-02-13,268,2074,208,14789,191
2025-02-14,235,2087,222,14831,180
2025-02-15,248,2105,230,14839,222
2025-02-16,255,2149,211,14817,233
2025-02-17,257,2166,240,14832,225
2025-02-18,267,2217,216,14826,222
2025-02-19,260,2269,208,14812,222
2025-02-20,237,2273,233,14828,217
2025-02-21,263,2330,206,14843,191
2025-02-22,266,2355,241,14894,190
2025-02-23,265,2381,239,14951,182
2025-02-24,272,2407,246,15012,185
2025-02-25,268,2434,241,15034,219
2025-02-26,262,2480,216,15032,218
2025-02-27,254,2499,235,15069,198
2025-02-28,230,2520,209,15106,172
2025-03-01,261,2545,236,15162,180
2025-03-02,257,2571,231,15190,203
2025-03-03,258,2586,243,15230,203
2025-03-04,234,2597,223,15231,222
2025-03-05,236,2597,236,15253,214
2025-03-06,268,2626,239,15311,181
2025-03-07,251,2632,245,15336,220
2025-03-08,262,2685,209,15340,205
2025-03-09,251,2707,229,15362,207
2025-03-10,251,2722,236,15363,235
2025-03-11,264,2735,251,15428,186
2025-03-12,242,2735,242,15436,234
2025-03-13,250,2748,237,15444,229
2025-03-14,242,2720,270,15486,228
2025-03-15,242,2728,234,15491,229
2025-03-16,243,2739,232,15512,211
2025-03-17,250,2767,222,15495,239
2025-03-18,239,2793,213,15470,238
2025-03-19,265,2819,239,15523,186
2025-03-20,232,2814,237,15587,173
2025-03-21,242,2814,242,15602,227
2025-03-22,238,2834,218,15607,213
2025-03-23,265,2830,269,15674,202
2025-03-24,246,2868,208,15644,238
2025-03-25,258,2857,269,15701,212
2025-03-26,220,2827,250,15715,236
2025-03-27,246,2858,215,15727,203
2025-03-28,254,2858,254,15739,242
2025-03-29,242,2859,241,15784,196
2025-03-30,256,2846,269,15850,203
2025-03-31,231,2854,223,15854,219
2025-04-01,260,2853,261,15887,228
2025-04-02,272,2887,238,15904,221
2025-04-03,232,2889,230,15911,223
2025-04-04,230,2940,179,15882,208
2025-04-05,258,2964,234,15923,193
2025-04-06,259,2986,237,15950,210
2025-04-07,227,2948,265,15973,242
2025-04-08,228,2956,220,15982,211
2025-04-09,229,2957,228,16004,206
2025-04-10,213,2937,233,16037,200
2025-04-11,218,2948,207,16019,225
2025-04-12,217,2923,242,16061,200
2025-04-13,219,2895,247,16105,203
2025-04-14,230,2890,235,16111,229
2025-04-15,233,2894,229,16117,223
2025-04-16,252,2927,219,16125,211
2025-04-17,213,2915,225,16148,202
2025-04-18,242,2931,226,16187,187
2025-04-19,224,2935,220,16197,210
2025-04-20,226,2937,224,16210,211
2025-04-21,236,2945,228,16214,224
2025-04-22,208,2906,247,16257,204
2025-04-23,230,2931,205,16265,197
2025-04-24,226,2937,220,16275,210
2025-04-25,230,2953,214,16296,193
2025-04-26,227,2960,220,16297,219
2025-04-27,259,2978,241,16332,206
2025-04-28,211,2968,221,16353,200
2025-04-29,212,2951,229,16381,201
2025-04-30,210,2920,241,16438,184
2025-05-01,211,2909,222,16438,222
2025-05-02,209,2885,233,16406,265
2025-05-03,236,2885,236,16443,199
2025-05-04,240,2897,228,16486,185
2025-05-05,211,2880,228,16512,202
2025-05-06,208,2840,248,16553,207
2025-05-07,229,2842,227,16575,205
2025-05-08,215,2793,264,16629,210
2025-05-09,235,2762,266,16665,230
2025-05-10,231,2754,239,16682,222
2025-05-11,207,2724,237,16739,180
2025-05-12,256,2756,224,16733,230
2025-05-13,262,2789,229,16773,189
2025-05-14,229,2790,228,16757,244
2025-05-15,236,2772,254,16799,212
2025-05-16,249,2772,249,16842,206
2025-05-17,252,2829,195,16841,196
2025-05-18,260,2828,261,16895,207
2025-05-19,284,2887,225,16914,206
2025-05-20,254,2873,268,16942,240
2025-05-21,247,2846,274,17008,208
2025-05-22,241,2852,235,17060,183
2025-05-23,253,2846,259,17130,189
2025-05-24,265,2877,234,17174,190
2025-05-25,294,2953,218,17198,194
2025-05-26,261,2997,217,17216,199
2025-05-27,273,3051,219,17211,224
2025-05-28,270,3114,207,17205,213
2025-05-29,289,3149,254,17260,199
2025-05-30,309,3243,215,17271,204
2025-05-31,263,3253,253,17312,212
2025-06-01,263,3297,219,17314,217
2025-06-02,285,3375,207,17300,221
2025-06-03,278,3415,238,17335,203
2025-06-04,293,3495,213,17355,193
2025-06-05,272,3527,240,17363,232
2025-06-06,256,3566,217,17362,218
2025-06-07,267,3645,188,17350,200
2025-06-08,272,3688,229,17385,194
2025-06-09,264,3741,211,17397,199
2025-06-10,256,3762,235,17424,208
2025-06-11,260,3837,185,17435,174
2025-06-12,258,3878,217,17431,221
2025-06-13,257,3960,175,17402,204
2025-06-14,242,3983,219,17382,239
2025-06-15,226,3987,222,17383,221
2025-06-16,227,3982,232,17439,176
2025-06-17,238,3975,245,17465,219
2025-06-18,204,3939,240,17418,287
2025-06-19,218,3969,188,17359,247
2025-06-20,203,3948,224,17361,222
2025-06-21,206,3925,229,17380,210
2025-06-22,222,3929,218,17374,224
2025-06-23,202,3932,199,17341,232
2025-06-24,197,3908,221,17364,198
2025-06-25,174,3862,220,17343,241
2025-06-26,204,3847,219,17337,225
2025-06-27,201,3833,215,17319,233
2025-06-28,222,3812,243,17309,253
2025-06-29,184,3770,226,17304,231
2025-06-30,192,3731,231,17292,243
2025-07-01,192,3708,215,17274,233
2025-07-02,211,3693,226,17282,218
2025-07-03,186,3648,231,17289,224
2025-07-04,191,3612,227,17293,223
2025-07-05,196,3547,261,17317,237
2025-07-06,190,3490,247,17353,211
2025-07-07,180,3458,212,17329,236
2025-07-08,189,3400,247,17330,246
2025-07-09,202,3385,217,17332,215
2025-07-10,171,3359,197,17317,212
2025-07-11,188,3298,249,17355,211
2025-07-12,175,3231,242,17382,215
2025-07-13,204,3199,236,17420,198
2025-07-14,163,3131,231,17486,165
2025-07-15,177,3082,226,17523,189
2025-07-16,191,3019,254,17544,233
2025-07-17,209,2989,239,17537,246
2025-07-18,184,2962,211,17498,250
2025-07-19,177,2891,248,17532,214
2025-07-20,213,2852,252,17586,198
2025-07-21,163,2802,213,17592,207
2025-07-22,152,2735,219,17612,199
2025-07-23,192,2673,254,17653,213
2025-07-24,177,2613,237,17682,208
2025-07-25,170,2590,193,17652,223
2025-07-26,196,2595,191,17626,217
2025-07-27,189,2582,202,17574,254
2025-07-28,177,2511,248,17602,220
2025-07-29,166,2422,255,17655,202
2025-07-30,198,2380,240,17674,221
2025-07-31,195,2340,235,17669,240
2025-08-01,184,2280,244,17690,223
2025-08-02,213,2297,196,17686,200
2025-08-03,169,2239,227,17694,219
2025-08-04,163,2195,207,17641,260
2025-08-05,175,2110,260,17673,228
2025-08-06,185,2064,231,17691,213
2025-08-07,190,2044,210,17683,218
2025-08-08,183,1992,235,17724,194
2025-08-09,192,1948,236,17746,214
2025-08-10,168,1925,191,17736,201
2025-08-11,208,1912,221,17707,250
2025-08-12,186,1857,241,17756,192
2025-08-13,204,1822,239,17807,188
2025-08-14,192,1763,251,17851,207
2025-08-15,194,1729,228,17839,240
2025-08-16,196,1721,204,17853,190
2025-08-17,195,1698,218,17837,234
2025-08-18,198,1697,199,17872,164
2025-08-19,209,1686,220,17867,225
2025-08-20,192,1624,254,17914,207
2025-08-21,200,1603,221,17899,236
2025-08-22,188,1599,192,17883,208
2025-08-23,211,1577,233,17893,223
2025-08-24,180,1538,219,17897,215
2025-08-25,217,1575,180,17874,203
2025-08-26,190,1526,239,17916,197
2025-08-27,170,1465,231,17925,222
2025-08-28,193,1435,223,17931,217
2025-08-29,182,1407,210,17931,210
2025-08-30,205,1370,242,17956,217
2025-08-31,183,1335,218,17956,218
2025-09-01,186,1277,244,18023,177
2025-09-02,165,1189,253,18069,207
2025-09-03,187,1138,238,18072,235
2025-09-04,158,1094,202,18074,200
2025-09-05,171,1041,224,18099,199
2025-09-06,207,984,264,18166,197
2025-09-07,208,974,218,18168,216
2025-09-08,203,972,205,18168,205
2025-09-09,182,918,236,18198,206
2025-09-10,196,886,228,18223,203
2025-09-11,198,885,199,18204,218
2025-09-12,181,801,265,18257,212
2025-09-13,221,788,234,18267,224
2025-09-14,212,796,204,18229,242
2025-09-15,196,758,234,18222,241
2025-09-16,201,744,215,18193,244
2025-09-17,204,703,245,18217,221
2025-09-18,171,640,234,18245,206
2025-09-19,198,584,254,18286,213
2025-09-20,192,586,190,18286,190
2025-09-21,188,548,226,18296,216
2025-09-22,199,519,228,18292,232
2025-09-23,231,560,190,18269,213
2025-09-24,214,581,193,18238,224
2025-09-25,197,550,228,18249,217
2025-09-26,214,552,212,18228,233
2025-09-27,227,529,250,18258,220
2025-09-28,221,523,227,18265,220
2025-09-29,208,516,215,18255,225
2025-09-30,198,452,262,18289,228
2025-10-01,219,456,215,18289,215
2025-10-02,215,467,204,18274,219
2025-10-03,223,451,239,18338,175
2025-10-04,220,465,206,18341,203
2025-10-05,227,469,223,18378,186
2025-10-06,204,436,237,18402,213
2025-10-07,232,442,226,18434,194
2025-10-08,216,408,250,18446,238
2025-10-09,245,433,220,18469,197
2025-10-10,204,398,239,18507,201
2025-10-11,241,412,227,18513,221
2025-10-12,219,440,191,18473,231
2025-10-13,207,416,231,18504,200
2025-10-14,210,398,228,18526,206
2025-10-15,213,416,195,18487,234
2025-10-16,225,411,230,18502,215
2025-10-17,227,389,249,18563,188
2025-10-18,211,361,239,18601,201
2025-10-19,220,335,246,18679,168
2025-10-20,253,360,228,18712,195
2025-10-21,247,369,238,18736,214
2025-10-22,229,383,215,18758,193
2025-10-23,223,379,227,18796,189
2025-10-24,225,358,246,18843,199
2025-10-25,233,420,171,18816,198
2025-10-26,209,420,209,18849,176
2025-10-27,222,437,205,18847,207
2025-10-28,201,382,256,18893,210
2025-10-29,233,398,217,18897,213
2025-10-30,237,415,220,18925,192
2025-10-31,221,430,206,18958,173
2025-11-01,252,460,222,18973,207
2025-11-02,211,443,228,19004,197
2025-11-03,208,440,211,19000,215
2025-11-04,234,471,203,18985,218
2025-11-05,247,509,209,19004,190
2025-11-06,257,566,200,19009,195
2025-11-07,226,543,249,19045,213
2025-11-08,249,543,249,19081,213
2025-11-09,233,569,207,19091,197
2025-11-10,232,587,214,19078,227
2025-11-11,248,629,206,19065,219
2025-11-12,245,627,247,19076,236
2025-11-13,213,619,221,19081,216
2025-11-14,259,603,275,19164,192
2025-11-15,258,662,199,19194,169
2025-11-16,229,647,244,19269,169
2025-11-17,244,669,222,19281,210
2025-11-18,247,683,233,19304,210
2025-11-19,244,693,234,19313,225
2025-11-20,232,715,210,19333,190
2025-11-21,231,732,214,19330,217
2025-11-22,241,725,248,19368,210
2025-11-23,260,732,253,19441,180
2025-11-24,251,720,263,19475,229
2025-11-25,237,713,244,19485,234
2025-11-26,255,772,196,19489,192
2025-11-27,201,758,215,19490,214
2025-11-28,262,812,208,19483,215
2025-11-29,219,774,257,19526,214
2025-11-30,240,779,235,19578,183
2025-12-01,229,795,213,19568,223
2025-12-02,227,777,245,19613,200
2025-12-03,265,821,221,19670,164
2025-12-04,241,854,208,19643,235
2025-12-05,253,903,204,19643,204
2025-12-06,248,901,250,19715,178
2025-12-07,256,924,233,19731,217
2025-12-08,251,945,230,19709,252
2025-12-09,231,980,196,19686,219
2025-12-10,265,1019,226,19698,214
2025-12-11,243,1024,238,19749,187
2025-12-12,228,1018,234,19816,167
2025-12-13,245,1021,242,19852,206
2025-12-14,274,1053,242,19875,219
2025-12-15,265,1081,237,19909,203
2025-12-16,247,1116,212,19934,187
2025-12-17,248,1111,253,19961,226
2025-12-18,249,1135,225,19985,201
2025-12-19,285,1209,211,19975,221
2025-12-20,260,1226,243,19983,235
2025-12-21,261,1275,212,20002,193
2025-12-22,270,1311,234,20025,211
2025-12-23,259,1345,225,20066,184
2025-12-24,251,1349,247,20100,213
2025-12-25,253,1391,211,20087,224
2025-12-26,255,1393,253,20138,202
2025-12-27,256,1418,231,20159,210
2025-12-28,267,1473,212,20171,200
2025-12-29,257,1544,186,20142,215
2025-12-30,268,1614,198,20113,227
2025-12-31,256,1647,223,20140,196
